"Comment","Designator","Footprint","LCSC Part #"
"10uF","C1,C2","C_0805_2012Metric","C15850"
"100nF","C3,C4,C7,C8,C10","C_0603_1608Metric","C14663"
"33pF","C5,C6","C_0603_1608Metric","C1663"
"Red","D1","LED_0805_2012Metric","C84256"
"Yellow","D2","LED_0805_2012Metric","C2296"
"Green","D3","LED_0805_2012Metric","C2297"
"Green (PWR)","D4","LED_0805_2012Metric","C2297"
"B5819W","D6,D7","D_SOD-123","C8598"
"USB_B_Micro","J1","USB_Micro-B_XKB_U254-051T-4BH83-F1S","C397452"
"SS8050","Q1,Q2","SOT-23","C2150"
"10k","R1,R13,R15","R_0603_1608Metric","C25804"
"1k","R2,R8,R12,R14,R16","R_0603_1608Metric","C21190"
"4k7","R3,R4","R_0603_1608Metric","C23162"
"470","R5-R7","R_0603_1608Metric","C23179"
"100","R9-R11","R_0603_1608Metric","C22775"
"10k","RN2","R_Array_Convex_4x0603","C29718"
"MODE/ISP","SW1","SW_TS-1187A_5.1x5.1mm","C318884"
"UP","SW2","SW_TS-1187A_5.1x5.1mm","C318884"
"DOWN","SW3","SW_TS-1187A_5.1x5.1mm","C318884"
"OK","SW4","SW_TS-1187A_5.1x5.1mm","C318884"
"RESET","SW5","SW_TS-1187A_5.1x5.1mm","C318884"
"XC6206P332MR-G","U2","SOT-23","C5446"
"CH340C","U3","SOIC-16_3.9x9.9mm_P1.27mm","C84681"
"12MHz","Y1","Crystal_SMD_3225-4Pin_3.2x2.5mm","C9002"
