"Reference","Value","Footprint","Qty","MPN","Description"
"BT1","CR2032","Battery:BatteryHolder_MYOUNG_BS-07-A1BJ001_CR2032","1","MYOUNG BS-07-A1BJ001 (CR2032 holder THT)","Single-cell battery"
"BZ1","Passive buzzer","Buzzer_Beeper:Buzzer_12x9.5RM7.6","1","12x9.5mm passive magnetic buzzer 5V (e.g. TMB12A05 / 12085)","Buzzer, polarized"
"C1,C2","10uF","Capacitor_THT:C_Disc_D5.0mm_W2.5mm_P5.00mm","2","10uF 25V X5R radial MLCC P5.08","Unpolarized capacitor"
"C3,C4,C7-C10","100nF","Capacitor_THT:C_Disc_D3.0mm_W1.6mm_P2.50mm","6","","Unpolarized capacitor,VDD decoupling,VDDA decoupling"
"C5,C6","18pF","Capacitor_THT:C_Disc_D3.0mm_W1.6mm_P2.50mm","2","","Unpolarized capacitor"
"D1","Red","LED_THT:LED_D3.0mm","1","","Light emitting diode"
"D2","Yellow","LED_THT:LED_D3.0mm","1","","Light emitting diode"
"D3","Green","LED_THT:LED_D3.0mm","1","","Light emitting diode"
"D4","Green (PWR)","LED_THT:LED_D3.0mm","1","","Light emitting diode"
"D5","1N4148","Diode_THT:D_DO-35_SOD27_P2.54mm_Vertical_AnodeUp","1","","Diode"
"D6,D7","BAT43","Diode_THT:D_DO-35_SOD27_P2.54mm_Vertical_AnodeUp","2","","Schottky diode"
"DS1","LCD1602 (HD44780/ST7066)","LPC1114-LCD:LCD1602_18pin","1","","Mounted on top with 1x16/1x18 female header"
"F1","500mA","Fuse:Fuse_1206_3216Metric_Pad1.42x1.75mm_HandSolder","1","Littelfuse 1206L050YR (PTC 0.5A hold, 1206)","Resettable fuse, polymeric positive temperature coefficient"
"J1","USB_B_Micro","Connector_USB:USB_Micro-B_Wuerth_629105150521","1","Wurth 629105150521","Micro USB B receptacle: power + USB-UART"
"J2","SWD","Connector_IDC:IDC-Header_2x05_P2.54mm_Vertical","1","","ARM Cortex 10-pin SWD on 2.54mm box header"
"J3","UART","Connector_PinHeader_2.54mm:PinHeader_1x03_P2.54mm_Vertical","1","","3.3V UART: GND / RX(in) / TX(out)"
"Q1,Q2","BC337","Package_TO_SOT_THT:TO-92_Inline_Wide","2","","0.8A Ic, 45V Vce, NPN Transistor, TO-92"
"R1,R13,R15","10k","Resistor_THT:R_Axial_DIN0207_L6.3mm_D2.5mm_P2.54mm_Vertical","3","","Resistor"
"R2,R8,R12,R14","1k","Resistor_THT:R_Axial_DIN0207_L6.3mm_D2.5mm_P2.54mm_Vertical","4","","Resistor"
"R3,R4","4k7","Resistor_THT:R_Axial_DIN0207_L6.3mm_D2.5mm_P2.54mm_Vertical","2","","Resistor"
"R5-R7","470","Resistor_THT:R_Axial_DIN0207_L6.3mm_D2.5mm_P2.54mm_Vertical","3","","Resistor"
"R9-R11","100","Resistor_THT:R_Axial_DIN0207_L6.3mm_D2.5mm_P2.54mm_Vertical","3","","Backlight Blue (18-pin only),Backlight Green (18-pin only),Backlight K (16-pin) / Red (18-pin)"
"RN1","10k","Resistor_THT:R_Array_SIP7","1","","Pull-ups to 5V for open-drain LCD drive (optional)"
"RN2","10k","Resistor_THT:R_Array_SIP5","1","","4 resistor network, star topology, bussed resistors, small symbol"
"RV1","10k","Potentiometer_THT:Potentiometer_Bourns_3296W_Vertical","1","","LCD contrast"
"SW1","MODE/ISP","Button_Switch_THT:SW_PUSH_6mm","1","","Push button switch, generic, two pins"
"SW2","UP","Button_Switch_THT:SW_PUSH_6mm","1","","Push button switch, generic, two pins"
"SW3","DOWN","Button_Switch_THT:SW_PUSH_6mm","1","","Push button switch, generic, two pins"
"SW4","OK","Button_Switch_THT:SW_PUSH_6mm","1","","Push button switch, generic, two pins"
"SW5","RESET","Button_Switch_THT:SW_PUSH_6mm","1","","Push button switch, generic, two pins"
"U1","LPC1114FN28/102","Package_DIP:DIP-28_W15.24mm_Socket","1","NXP LPC1114FN28/102 + DIP-28 600mil socket","NXP LPC1114 ARM Cortex-M0 MCU, 32kB flash, 4kB SRAM, DIP-28 (LPC1114FN28/102)"
"U2","MCP1700-3302E/TO","Package_TO_SOT_THT:TO-92_Inline_Wide","1","Microchip MCP1700-3302E/TO","250mA Low Quiscent Current LDO, 3.3V output, TO-92"
"U3","CH340C","Package_SO:SOIC-16_3.9x9.9mm_P1.27mm","1","WCH CH340C (SOIC-16, no crystal)","USB serial converter, SOIC-16. Project copy: V3 pin typed power_in because V3 is tied to VCC for 3.3V operation"
"U4","DS3231MZ+","Package_SO:SOIC-8_3.9x4.9mm_P1.27mm","1","Analog Devices DS3231MZ+ (+-5ppm MEMS RTC)","±5ppm, I2C Real-Time Clock SOIC-8"
"Y1","12MHz","Crystal:Crystal_HC49-4H_Vertical","1","12 MHz HC-49/S, CL=18pF","Two pin crystal"
