"Designator","Mid X","Mid Y","Layer","Rotation"
"C1","154.000000mm","-117.500000mm","Top","90.000000"
"C2","162.000000mm","-117.500000mm","Top","90.000000"
"C3","133.600000mm","-131.000000mm","Top","0.000000"
"C4","132.500000mm","-109.200000mm","Top","0.000000"
"C5","122.400000mm","-132.200000mm","Top","90.000000"
"C6","129.600000mm","-132.200000mm","Top","90.000000"
"C7","139.200000mm","-131.200000mm","Top","90.000000"
"C8","111.400000mm","-108.000000mm","Top","90.000000"
"C10","115.200000mm","-106.200000mm","Top","0.000000"
"D1","121.000000mm","-140.700000mm","Top","0.000000"
"D2","131.000000mm","-140.700000mm","Top","0.000000"
"D3","141.000000mm","-140.700000mm","Top","0.000000"
"D4","151.000000mm","-140.700000mm","Top","0.000000"
"D6","143.000000mm","-131.300000mm","Top","0.000000"
"D7","143.000000mm","-134.200000mm","Top","0.000000"
"J1","102.650000mm","-125.000000mm","Top","-90.000000"
"Q1","160.600000mm","-107.000000mm","Top","0.000000"
"Q2","114.000000mm","-132.800000mm","Top","0.000000"
"R1","137.200000mm","-131.200000mm","Top","90.000000"
"R2","111.600000mm","-114.800000mm","Top","90.000000"
"R3","166.000000mm","-129.000000mm","Top","90.000000"
"R4","168.000000mm","-129.000000mm","Top","90.000000"
"R5","124.200000mm","-140.700000mm","Top","90.000000"
"R6","134.200000mm","-140.700000mm","Top","90.000000"
"R7","144.200000mm","-140.700000mm","Top","90.000000"
"R8","154.200000mm","-140.700000mm","Top","90.000000"
"R9","153.400000mm","-106.000000mm","Top","90.000000"
"R10","155.200000mm","-106.000000mm","Top","90.000000"
"R11","157.000000mm","-106.000000mm","Top","90.000000"
"R12","160.600000mm","-110.800000mm","Top","0.000000"
"R13","164.400000mm","-108.600000mm","Top","90.000000"
"R14","117.600000mm","-132.200000mm","Top","90.000000"
"R15","119.400000mm","-132.200000mm","Top","90.000000"
"R16","109.800000mm","-133.000000mm","Top","90.000000"
"RN2","157.000000mm","-132.000000mm","Top","0.000000"
"SW1","121.000000mm","-147.600000mm","Top","0.000000"
"SW2","131.000000mm","-147.600000mm","Top","0.000000"
"SW3","141.000000mm","-147.600000mm","Top","0.000000"
"SW4","151.000000mm","-147.600000mm","Top","0.000000"
"SW5","163.000000mm","-147.600000mm","Top","0.000000"
"U2","158.000000mm","-117.500000mm","Top","0.000000"
"U3","106.200000mm","-112.500000mm","Top","0.000000"
"Y1","126.000000mm","-132.200000mm","Top","0.000000"
